username,password
emilys,emilyspass
michaelw,michaelwpass
sophiab,sophiabpass
addisonw,addisonwpass
henryh,henryhpass
lilyb,lilybpass
danielc,danielcpass
evelyng,evelyngpass
harpere,harperepass
mateon,mateonpass
chloem,chloempass
elijahs,elijahspass
madisonc,madisoncpass
jacksone,jacksonepass
abigailr,abigailrpass
logant,logantpass
evelyns,evelynspass
averyp,averyppass
williamg,williamgpass
charlottem,charlottempass
noahh,noahhpass
miar,miarpass
liamg,liamgpass
isabellad,isabelladpass
ethanm,ethanmpass
avat,avatpass
alexanderj,alexanderjpass
oliviaw,oliviawpass
emmaj,emmajpass
jamesd,jamesdpass
sophiab,sophiabpass
michaelw,michaelwpass
emilys,emilyspass
emilys,emilyspass
michaelw,michaelwpass
sophiab,sophiabpass
addisonw,addisonwpass
henryh,henryhpass
lilyb,lilybpass
danielc,danielcpass
evelyng,evelyngpass
harpere,harperepass
mateon,mateonpass
chloem,chloempass
elijahs,elijahspass
madisonc,madisoncpass
jacksone,jacksonepass
abigailr,abigailrpass
logant,logantpass
evelyns,evelynspass
averyp,averyppass
williamg,williamgpass
charlottem,charlottempass
noahh,noahhpass
miar,miarpass
liamg,liamgpass
isabellad,isabelladpass
ethanm,ethanmpass
avat,avatpass
alexanderj,alexanderjpass
oliviaw,oliviawpass
emmaj,emmajpass
jamesd,jamesdpass
sophiab,sophiabpass
michaelw,michaelwpass
emilys,emilyspass
emilys,emilyspass
michaelw,michaelwpass
sophiab,sophiabpass
addisonw,addisonwpass
henryh,henryhpass
lilyb,lilybpass
danielc,danielcpass
evelyng,evelyngpass
harpere,harperepass
mateon,mateonpass
chloem,chloempass
elijahs,elijahspass
madisonc,madisoncpass
jacksone,jacksonepass
abigailr,abigailrpass
logant,logantpass
evelyns,evelynspass
averyp,averyppass
williamg,williamgpass
charlottem,charlottempass
noahh,noahhpass
miar,miarpass
liamg,liamgpass
isabellad,isabelladpass
ethanm,ethanmpass
avat,avatpass
alexanderj,alexanderjpass
oliviaw,oliviawpass
emmaj,emmajpass
jamesd,jamesdpass
sophiab,sophiabpass
michaelw,michaelwpass
emilys,emilyspass
